Predicted_X,Predicted_Y,Predicted_Yaw,Real_X,Real_Y,Real_Yaw,Variance
1.5188929104221365,-0.14502279722486605,-0.35796884853709,0.0,0.0,0.0,0.5019394331164011
4.516849217110789,-0.16761094087715217,0.05852696680468572,7.652301297531061,-0.0576563709729736,1.0631080449856354,0.5019394331164011
