Ground_Truth_X,Ground_Truth_Y,Ground_Truth_Yaw,Velocity_Linear_X,Velocity_Linear_Y,Velocity_Angular_Yaw,Delta_X_X,Delta_X_Y,delta_X_Yaw
-2.292604684208728,1.1519935745417287,-0.6611219453341654,-0.04308284458507177,-1.2186856817123926,-0.06124405051976375,-1.8069718419585947,1.0966270923649515,0.4150877766048448
-0.09535135247306659,-0.01670650930757134,1.460808023464279,-0.6267389368324005,1.6562629776697944,0.2342962543079832,-1.105660903618379,-2.2028461574505944,1.0133504759942247
0.03178583358416781,-0.5624235561481136,0.3535939121341247,2.0675394082423013,0.4099557480338726,-0.1657027855914927,-0.1335906182474904,0.11238106578453996,0.08695835607241988
1.318864525983162,1.501117388345617,-0.6359204285998566,0.039663269726793925,-1.291635660979271,-0.09425357256142688,0.26397215442467825,0.9847380220439735,-0.6055107392616331
0.40382936467014596,0.08345002690300529,-1.5505870569941231,-2.011867072506726,0.1948258524004002,0.08346947463216119,-0.13808015234555382,0.11184103777911426,0.08831212788493996
0.19191635932805232,-0.09842179343381925,-1.4772642718577595,0.47771829109013747,0.3435693094252479,-1.8988487557218054,-0.11550594291045699,0.5373423962336372,-1.1477250652415054
