Ground_Truth_X,Ground_Truth_Y,Ground_Truth_Yaw,Velocity_Linear_X,Velocity_Linear_Y,Velocity_Angular_Yaw,Delta_X_X,Delta_X_Y,delta_X_Yaw
1.9748510574307865,1.5514104943625076,1.2423788584488535,0.05020723369914079,1.7644743257927653,-0.16206207012624457,1.2154935451861713,1.0584836311292922,0.4344679619709994
-0.2005935035232921,0.3833897835461167,1.5595981783044326,-0.4744351515093209,0.9643416992704756,0.31297174543236994,1.5178482095481403,0.48561684337451777,1.493357112556921
-0.10455262487475452,-0.37830698977204275,-0.29792306471078156,1.0923320861882833,-1.0017548078209109,0.6597345050242811,-0.04958676670976565,-0.5603160200572519,0.08091288667309311
0.7181937842352081,-0.667547165281914,-0.5415312191120716,0.3512421912889376,-1.233348174114674,0.33578260675864613,0.6940887666699224,-0.11572408669633623,0.4594025219925345
0.5731378623394151,0.21485719545432228,0.9963552093754426,0.7938209654940397,1.6020866492033758,-1.350648972051147,2.106371172022546,-0.6023088779561926,-0.06290045567473782
-0.060451153437410025,-0.1284816281569355,-0.4721037659305401,0.5366212836438976,-1.0891812099238158,0.3293529887066169,-0.36563919681697693,-0.7273234301000523,-0.44068895389476637
