Predicted_X,Predicted_Y,Predicted_Yaw,Real_X,Real_Y,Real_Yaw,Variance
-0.19797960416219898,-0.6222113738086945,0.019014635116913328,-3.2216905919793426,-4.359079039829697,2.260024020911885,0.9834384643006175
-0.15206664766308786,-0.5501864633534351,-0.05460730269416653,0.0675399228582558,0.8008310428587978,-3.0142882946271383,0.9834384643006215
-0.15295904138337235,-0.5612732558570662,-0.01255523859858704,0.003608318075188688,0.006566784221816446,-0.0016539820347388004,0.9834384643006215
-0.15300826965244968,-0.5613654011665504,-0.012664949770837599,8.157626686661201e-05,-3.455930478168945e-05,-0.0095137541792297,0.9834384643006215
-0.15304946146059928,-0.5614495627065128,-0.012500963404316997,-0.0028694288097725063,-0.006063940942620527,0.0022343244276715,0.9834384643006215
-0.05102310428683347,-0.5735133989424275,0.0035986110896463214,7.30635809714192,-0.8703241804211497,1.155617198295921,0.9834384643006215
-0.16021267177129944,-0.5658951297063324,-0.09929130963047249,-0.5160459787475316,-0.3245469445864959,-6.215476522022211,0.9834384643006215
-0.1563196484827162,-0.5581734192449049,0.005969857635730316,-0.2371335527185997,0.22865815181944493,1.325484321527881,0.9834384643006175
-0.23144095851121854,-0.5679090614442733,-0.06263455434172605,-5.618881838888046,-0.4688261847957197,-3.5893652681209023,0.9834384643006215
