Ground_Truth_X,Ground_Truth_Y,Ground_Truth_Yaw,Velocity_Linear_X,Velocity_Linear_Y,Velocity_Angular_Yaw,Delta_X_X,Delta_X_Y,delta_X_Yaw
1.544782866122794,1.347728234123398,1.0168608503979757,0.6829058682539512,0.6632872141705121,-0.10827649360964428,-0.14734543310575315,0.7486501090723462,0.7457998490793094
0.20612117106515604,-1.3065235688332346,0.9260208006314015,1.2087714366926177,0.5739889361039773,1.6577651389839854,1.5885569129304684,0.6671878686866427,1.1152757495891437
